id,get_chapter,get_url_h5
1,제 1화,https://yottacdn.akamaized.net/carolpfres/common/assets/upload/img/115/manga_01x_ko_kr.png?width=720&height=1753
2,제 2화,https://yottacdn.akamaized.net/carolpfres/common/assets/upload/img/115/manga_2x_ko_kr.png?width=720&height=1753
3,제 3화,https://yottacdn.akamaized.net/carolpfres/common/assets/upload/img/115/manga_3x_ko_kr.png?width=720&height=1753
4,제 4화,https://yottacdn.akamaized.net/carolpfres/common/assets/upload/img/115/manga_4x_ko_kr.png?width=720&height=1753
5,제 5화,https://yottacdn.akamaized.net/carolpfres/common/assets/upload/img/115/manga_5x_ko_kr.png?width=720&height=1753
6,제 6화,https://yottacdn.akamaized.net/carolpfres/common/assets/upload/img/115/manga_6x_ko_kr.png?width=720&height=1753
7,제 7화,https://yottacdn.akamaized.net/carolpfres/common/assets/upload/img/115/manga_7x_ko_kr.png?width=720&height=1753
8,제 8화,https://yottacdn.akamaized.net/carolpfres/common/assets/upload/img/115/manga_8x_ko_kr.png?width=720&height=1753
9,제 9화,https://yottacdn.akamaized.net/carolpfres/common/assets/upload/img/115/manga_9x_ko_kr.png?width=720&height=1753
10,제 10화,https://yottacdn.akamaized.net/carolpfres/common/assets/upload/img/115/manga_10x_ko_kr.png?width=720&height=1753
11,제 11화,https://yottacdn.akamaized.net/carolpfres/common/assets/upload/img/115/manga_11x_ko_kr.png?width=720&height=1753
12,제 12화,https://yottacdn.akamaized.net/carolpfres/common/assets/upload/img/115/manga_12x_ko_kr.png?width=720&height=1753
13,제 13화,https://yottacdn.akamaized.net/carolpfres/common/assets/upload/img/115/manga_13x_ko_kr.png?width=720&height=1753
14,제 14화,https://yottacdn.akamaized.net/carolpfres/common/assets/upload/img/115/manga_14x_ko_kr.png?width=720&height=1753
15,제 15화,https://yottacdn.akamaized.net/carolpfres/common/assets/upload/img/115/manga_15x_ko_kr.png?width=720&height=1753
16,제 16화,https://yottacdn.akamaized.net/carolpfres/common/assets/upload/img/115/manga_16x_ko_kr.png?width=720&height=1753
17,제 17화,https://yottacdn.akamaized.net/carolpfres/common/assets/upload/img/115/manga_17x_ko_kr.png?width=720&height=1753
18,제 18화,https://yottacdn.akamaized.net/carolpfres/common/assets/upload/img/115/manga_18x_ko_kr.png?width=720&height=1753
19,제 19화,https://yottacdn.akamaized.net/carolpfres/common/assets/upload/img/115/manga_19x_ko_kr.png?width=720&height=1753
20,제 20화,https://yottacdn.akamaized.net/carolpfres/common/assets/upload/img/115/manga_20x_ko_kr.png?width=720&height=1753
21,제 21화,https://yottacdn.akamaized.net/carolpfres/common/assets/upload/img/115/manga_21x_ko_kr.png?width=720&height=1753
22,제 22화,https://yottacdn.akamaized.net/carolpfres/common/assets/upload/img/115/manga_22x_ko_kr.png?width=720&height=1753
23,제 23화,https://yottacdn.akamaized.net/carolpfres/common/assets/upload/img/115/manga_23x_ko_kr.png?width=720&height=1753
24,제 24화,https://yottacdn.akamaized.net/carolpfres/common/assets/upload/img/115/manga_24x_ko_kr.png?width=720&height=1753
25,제 25화,https://yottacdn.akamaized.net/carolpfres/common/assets/upload/img/115/manga_25x_ko_kr.png?width=720&height=1753
26,제 26화,https://yottacdn.akamaized.net/carolpfres/common/assets/upload/img/115/manga_26x_ko_kr.png?width=720&height=1753
27,제 27화,https://yottacdn.akamaized.net/carolpfres/common/assets/upload/img/115/manga_27x_ko_kr.png?width=720&height=1753
28,제 28화,https://yottacdn.akamaized.net/carolpfres/common/assets/upload/img/115/manga_28x_ko_kr.png?width=720&height=1753
29,제 29화,https://yottacdn.akamaized.net/carolpfres/common/assets/upload/img/115/manga_29x_ko_kr.png?width=720&height=1753
30,제 30화,https://yottacdn.akamaized.net/carolpfres/common/assets/upload/img/115/manga_30x_ko_kr.png?width=720&height=1753
31,제 31화,https://yottacdn.akamaized.net/carolpfres/common/assets/upload/img/115/manga_31x_ko_kr.png?width=720&height=1753
32,제 32화,https://yottacdn.akamaized.net/carolpfres/common/assets/upload/img/115/manga_32x_ko_kr.png?width=720&height=1753
33,제 33화,https://yottacdn.akamaized.net/carolpfres/common/assets/upload/img/115/manga_33x_ko_kr.png?width=720&height=1753
34,제 34화,https://yottacdn.akamaized.net/carolpfres/common/assets/upload/img/115/manga_34x_ko_kr.png?width=720&height=1753
35,제 35화,https://yottacdn.akamaized.net/carolpfres/common/assets/upload/img/115/manga_35x_ko_kr.png?width=720&height=1753
36,제 36화,https://yottacdn.akamaized.net/carolpfres/common/assets/upload/img/115/manga_36x_ko_kr.png?width=720&height=1753
37,제 37화,https://yottacdn.akamaized.net/carolpfres/common/assets/upload/img/115/manga_37x_ko_kr.png?width=720&height=1753
38,제 38화,https://yottacdn.akamaized.net/carolpfres/common/assets/upload/img/115/manga_38x_ko_kr.png?width=720&height=1753
39,제 39화,https://yottacdn.akamaized.net/carolpfres/common/assets/upload/img/115/manga_39x_ko_kr.png?width=720&height=1753
40,제 40화,https://yottacdn.akamaized.net/carolpfres/common/assets/upload/img/115/manga_40x_ko_kr.png?width=720&height=1753
41,제 41화,https://yottacdn.akamaized.net/carolpfres/common/assets/upload/img/115/manga_41x_ko_kr.png?width=720&height=1753
42,제 42화,https://yottacdn.akamaized.net/carolpfres/common/assets/upload/img/115/manga_42x_ko_kr.png?width=720&height=1753
43,제 43화,https://yottacdn.akamaized.net/carolpfres/common/assets/upload/img/115/manga_43x_ko_kr.png?width=720&height=1753
44,제 44화,https://yottacdn.akamaized.net/carolpfres/common/assets/upload/img/115/manga_44x_ko_kr.png?width=720&height=1753
45,제 45화,https://yottacdn.akamaized.net/carolpfres/common/assets/upload/img/115/manga_45x_ko_kr.png?width=720&height=1753
46,제 46화,https://yottacdn.akamaized.net/carolpfres/common/assets/upload/img/115/manga_46x_ko_kr.png?width=720&height=1753
47,제 47화,https://yottacdn.akamaized.net/carolpfres/common/assets/upload/img/115/manga_47x_ko_kr.png?width=720&height=1753
48,제 48화,https://yottacdn.akamaized.net/carolpfres/common/assets/upload/img/115/manga_48x_ko_kr.png?width=720&height=1753
49,제 49화,https://yottacdn.akamaized.net/carolpfres/common/assets/upload/img/115/manga_49x_ko_kr.png?width=720&height=1753
50,제 50화,https://yottacdn.akamaized.net/carolpfres/common/assets/upload/img/115/manga_50x_ko_kr.png?width=720&height=1753
51,제 51화,https://yottacdn.akamaized.net/carolpfres/common/assets/upload/img/115/manga___051x_ko_kr.png?width=720&height=1753
52,제 52화,https://yottacdn.akamaized.net/carolpfres/common/assets/upload/img/115/manga_052x_ko_kr.png?width=720&height=1753
53,제 53화,https://yottacdn.akamaized.net/carolpfres/common/assets/upload/img/115/manga___053x_ko_kr.png?width=720&height=1753
54,제 54화,https://yottacdn.akamaized.net/carolpfres/common/assets/upload/img/115/manga___054x_ko_kr.png?width=720&height=1753
55,제 55화,https://yottacdn.akamaized.net/carolpfres/common/assets/upload/img/115/manga___055x_ko_kr.png?width=720&height=1753
56,제 56화,https://yottacdn.akamaized.net/carolpfres/common/assets/upload/img/115/manga___56x_ko_kr.png?width=720&height=1753
57,제 57화,https://yottacdn.akamaized.net/carolpfres/common/assets/upload/img/115/manga___057x_ko_kr.png?width=720&height=1753
58,제 58화,https://yottacdn.akamaized.net/carolpfres/common/assets/upload/img/115/manga_058x_ko_kr.png?width=720&height=1753
59,제 59화,https://yottacdn.akamaized.net/carolpfres/common/assets/upload/img/115/manga___059x_ko_kr.png?width=720&height=1753
60,제 60화,https://yottacdn.akamaized.net/carolpfres/common/assets/upload/img/115/manga_060x_ko_kr.png?width=720&height=1753
61,제 61화,https://yottacdn.akamaized.net/carolpfres/common/assets/upload/img/115/manga_061x_ko_kr.png?width=720&height=1753
62,특별편1,https://yottacdn.akamaized.net/carolpfres/common/assets/upload/img/115/manga__SP1x_ko_kr.png?width=720&height=1753
63,제 62화,https://yottacdn.akamaized.net/carolpfres/common/assets/upload/img/115/manga_062x_ko_kr.png?width=720&height=1753
64,제 63화,https://yottacdn.akamaized.net/carolpfres/common/assets/upload/img/115/manga_063x_ko_kr.png?width=720&height=1753
65,제 64화,https://yottacdn.akamaized.net/carolpfres/common/assets/upload/img/115/manga_064x_ko_kr.png?width=720&height=1753
66,특별편2,https://yottacdn.akamaized.net/carolpfres/common/assets/upload/img/115/manga__SP2x_ko_kr.png?width=720&height=1753
67,제 65화,https://yottacdn.akamaized.net/carolpfres/common/assets/upload/img/115/manga_065x_ko_kr.png?width=720&height=1753
68,제 66화,https://yottacdn.akamaized.net/carolpfres/common/assets/upload/img/115/manga_066x_ko_kr.png?width=720&height=1753
69,제 67화,https://yottacdn.akamaized.net/carolpfres/common/assets/upload/img/115/manga_067x_ko_kr.png?width=720&height=1753
70,제 68화,https://yottacdn.akamaized.net/carolpfres/common/assets/upload/img/115/manga_068x_ko_kr.png?width=720&height=1753
71,제 69화,https://yottacdn.akamaized.net/carolpfres/common/assets/upload/img/115/manga_069x_ko_kr.png?width=720&height=1753
72,제 70화,https://yottacdn.akamaized.net/carolpfres/common/assets/upload/img/115/manga_070x_ko_kr.png?width=720&height=1753
73,제 71화,https://yottacdn.akamaized.net/carolpfres/common/assets/upload/img/115/manga_071x_ko_kr.png?width=720&height=1753
74,제 72화,https://yottacdn.akamaized.net/carolpfres/common/assets/upload/img/115/manga_072x_ko_kr.png?width=720&height=1753
75,제 73화,https://yottacdn.akamaized.net/carolpfres/common/assets/upload/img/115/manga_073x_ko_kr.png?width=720&height=1753
76,제 74화,https://yottacdn.akamaized.net/carolpfres/common/assets/upload/img/115/manga_074x_ko_kr.png?width=720&height=1753
77,제 75화,https://yottacdn.akamaized.net/carolpfres/common/assets/upload/img/115/manga_075x_ko_kr.png?width=720&height=1753
78,제 76화,https://yottacdn.akamaized.net/carolpfres/common/assets/upload/img/115/manga_076x_ko_kr.png?width=720&height=1753
79,제 77화,https://yottacdn.akamaized.net/carolpfres/common/assets/upload/img/115/manga_077x_ko_kr.png?width=720&height=1753
80,제 78화,https://yottacdn.akamaized.net/carolpfres/common/assets/upload/img/115/manga_078x_ko_kr.png?width=720&height=1753
81,제 79화,https://yottacdn.akamaized.net/carolpfres/common/assets/upload/img/115/manga_079x_ko_kr.png?width=720&height=1753
82,제 80화,https://yottacdn.akamaized.net/carolpfres/common/assets/upload/img/115/manga_080x_ko_kr.png?width=720&height=1753
83,제 81화,https://yottacdn.akamaized.net/carolpfres/common/assets/upload/img/115/manga_081x_ko_kr.png?width=720&height=1753
84,제 82화,https://yottacdn.akamaized.net/carolpfres/common/assets/upload/img/115/manga_082x_ko_kr.png?width=720&height=1753
85,제 83화,https://yottacdn.akamaized.net/carolpfres/common/assets/upload/img/115/manga_083x_ko_kr.png?width=720&height=1753
86,제 84화,https://yottacdn.akamaized.net/carolpfres/common/assets/upload/img/115/manga_084x_ko_kr.png?width=720&height=1753
87,제 85화,https://yottacdn.akamaized.net/carolpfres/common/assets/upload/img/115/manga_085x_ko_kr.png?width=720&height=1753
88,제 86화,https://yottacdn.akamaized.net/carolpfres/common/assets/upload/img/115/manga_086x_ko_kr.png?width=720&height=1753
89,제 87화,https://yottacdn.akamaized.net/carolpfres/common/assets/upload/img/115/manga_087x_ko_kr.png?width=720&height=1753
90,제 88화,https://yottacdn.akamaized.net/carolpfres/common/assets/upload/img/115/manga_088x_ko_kr.png?width=720&height=1753
91,제 89화,https://yottacdn.akamaized.net/carolpfres/common/assets/upload/img/115/manga_089x_ko_kr.png?width=720&height=1753
92,제 90화,https://yottacdn.akamaized.net/carolpfres/common/assets/upload/img/115/manga_090x_ko_kr.png?width=720&height=1753
93,제 91화,https://yottacdn.akamaized.net/carolpfres/common/assets/upload/img/115/manga_091x_ko_kr.png?width=720&height=1753
94,제 92화,https://yottacdn.akamaized.net/carolpfres/common/assets/upload/img/115/manga_092x_ko_kr.png?width=720&height=1753
95,제 93화,https://yottacdn.akamaized.net/carolpfres/common/assets/upload/img/115/manga_093x_ko_kr.png?width=720&height=1753
96,제 94화,https://yottacdn.akamaized.net/carolpfres/common/assets/upload/img/115/manga_094x_ko_kr.png?width=720&height=1753
97,제 95화,https://yottacdn.akamaized.net/carolpfres/common/assets/upload/img/115/manga_095x_ko_kr.png?width=720&height=1753
98,제 96화,https://yottacdn.akamaized.net/carolpfres/common/assets/upload/img/115/manga_096x_ko_kr.png?width=720&height=1753
99,제 97화,https://yottacdn.akamaized.net/carolpfres/common/assets/upload/img/115/manga_097x_ko_kr.png?width=720&height=1753
100,제 98화,https://yottacdn.akamaized.net/carolpfres/common/assets/upload/img/115/manga_098x_ko_kr.png?width=720&height=1753
101,제 99화,https://yottacdn.akamaized.net/carolpfres/common/assets/upload/img/115/manga_099x_ko_kr.png?width=720&height=1753
102,제 100화,https://yottacdn.akamaized.net/carolpfres/common/assets/upload/img/115/manga__100x_ko_kr.png?width=720&height=1753
103,특별편3,https://yottacdn.akamaized.net/carolpfres/common/assets/upload/img/115/manga__SP3x_ko_kr.png?width=720&height=1753
104,제 101화,https://yottacdn.akamaized.net/carolpfres/common/assets/upload/img/115/manga___101x_ko_kr.png?width=720&height=1753
105,제 102화,https://yottacdn.akamaized.net/carolpfres/common/assets/upload/img/115/manga___102x_ko_kr.png?width=720&height=1753
106,제 103화,https://yottacdn.akamaized.net/carolpfres/common/assets/upload/img/115/manga___103x_ko_kr.png?width=720&height=1753
107,제 104화,https://yottacdn.akamaized.net/carolpfres/common/assets/upload/img/115/manga___104x_ko_kr.png?width=720&height=1753
108,제 105화,https://yottacdn.akamaized.net/carolpfres/common/assets/upload/img/115/manga___105x_ko_kr.png?width=720&height=1753
109,제 106화,https://yottacdn.akamaized.net/carolpfres/common/assets/upload/img/115/manga___106x_ko_kr.png?width=720&height=1753
110,제 107화,https://yottacdn.akamaized.net/carolpfres/common/assets/upload/img/115/manga___107x_ko_kr.png?width=720&height=1753
111,제 108화,https://yottacdn.akamaized.net/carolpfres/common/assets/upload/img/115/manga___108x_ko_kr.png?width=720&height=1753
112,제 109화,https://yottacdn.akamaized.net/carolpfres/common/assets/upload/img/115/manga___109x_ko_kr.png?width=720&height=1753
113,제 110화,https://yottacdn.akamaized.net/carolpfres/common/assets/upload/img/115/manga___110x_ko_kr.png?width=720&height=1753
114,제 111화,https://yottacdn.akamaized.net/carolpfres/common/assets/upload/img/115/manga___111x_ko_kr.png?width=720&height=1753
115,제 112화,https://yottacdn.akamaized.net/carolpfres/common/assets/upload/img/115/manga___112x_ko_kr.png?width=720&height=1753
116,제 113화,https://yottacdn.akamaized.net/carolpfres/common/assets/upload/img/115/manga___113x_ko_kr.png?width=720&height=1753
117,제 114화,https://yottacdn.akamaized.net/carolpfres/common/assets/upload/img/115/manga___114x_ko_kr.png?width=720&height=1753
118,제 115화,https://yottacdn.akamaized.net/carolpfres/common/assets/upload/img/115/manga___115x_ko_kr.png?width=730&height=1753
119,제 116화,https://yottacdn.akamaized.net/carolpfres/common/assets/upload/img/115/manga___116x_ko_kr.png?width=720&height=1753
120,제 117화,https://yottacdn.akamaized.net/carolpfres/common/assets/upload/img/115/manga___117x_ko_kr.png?width=720&height=1753
121,제 118화,https://yottacdn.akamaized.net/carolpfres/common/assets/upload/img/115/manga118x_ko_kr.png?width=720&height=1753
122,제 119화,https://yottacdn.akamaized.net/carolpfres/common/assets/upload/img/115/manga___119x_ko_kr.png?width=720&height=1753
123,제 120화,https://yottacdn.akamaized.net/carolpfres/common/assets/upload/img/115/manga___120x_ko_kr.png?width=720&height=1753
124,제 121화,https://yottacdn.akamaized.net/carolpfres/common/assets/upload/img/115/manga___121x_ko_kr.png?width=720&height=1753
125,제 122화,https://yottacdn.akamaized.net/carolpfres/common/assets/upload/img/115/manga___122x_ko_kr.png?width=720&height=1753
126,제 123화,https://yottacdn.akamaized.net/carolpfres/common/assets/upload/img/115/manga__123-x_ko_kr.png?width=720&height=1753
127,제 124화,https://yottacdn.akamaized.net/carolpfres/common/assets/upload/img/115/manga___124x_ko_kr.png?width=720&height=1753
128,제 125화,https://yottacdn.akamaized.net/carolpfres/common/assets/upload/img/115/manga___125x_ko_kr.png?width=720&height=1753
129,제 126화,https://yottacdn.akamaized.net/carolpfres/common/assets/upload/img/115/manga_126x_ko_kr.png?width=720&height=1753
130,제 127화,https://yottacdn.akamaized.net/carolpfres/common/assets/upload/img/115/manga_127x_ko_kr.png?width=720&height=1753
131,제 128화,https://yottacdn.akamaized.net/carolpfres/common/assets/upload/img/115/manga_128x_ko_kr.png?width=720&height=1753
132,제 129화,https://yottacdn.akamaized.net/carolpfres/common/assets/upload/img/115/manga_129x_ko_kr.png?width=720&height=1753
133,제 130화,https://yottacdn.akamaized.net/carolpfres/common/assets/upload/img/115/manga_130x_ko_kr.png?width=720&height=1753
134,제 131화,https://yottacdn.akamaized.net/carolpfres/common/assets/upload/img/115/manga__131x_ko_kr.png?width=720&height=1753
135,제 132화,https://yottacdn.akamaized.net/carolpfres/common/assets/upload/img/115/manga__132x_ko_kr.png?width=720&height=1753
136,제 133화,https://yottacdn.akamaized.net/carolpfres/common/assets/upload/img/115/manga__133x_ko_kr.png?width=720&height=1753
137,제 134화,https://yottacdn.akamaized.net/carolpfres/common/assets/upload/img/115/manga__134x_ko_kr.png?width=720&height=1753
138,제 135화,https://yottacdn.akamaized.net/carolpfres/common/assets/upload/img/115/manga__135x_ko_kr.png?width=720&height=1753
139,제 136화,https://yottacdn.akamaized.net/carolpfres/common/assets/upload/img/115/manga__136x_ko_kr.png?width=720&height=1753
140,제 137화,https://yottacdn.akamaized.net/carolpfres/common/assets/upload/img/115/manga__137x_ko_kr.png?width=720&height=1753
141,제 138화,https://yottacdn.akamaized.net/carolpfres/common/assets/upload/img/115/manga__138x_ko_kr.png?width=720&height=1753
142,제 139화,https://yottacdn.akamaized.net/carolpfres/common/assets/upload/img/115/manga__139x_ko_kr.png?width=720&height=1753
143,제 140화,https://yottacdn.akamaized.net/carolpfres/common/assets/upload/img/115/manga__140x_ko_kr.png?width=720&height=1753
144,제 141화,https://yottacdn.akamaized.net/carolpfres/common/assets/upload/img/115/manga__141x_ko_kr.png?width=720&height=1753
145,제 142화,https://yottacdn.akamaized.net/carolpfres/common/assets/upload/img/115/manga__142x_ko_kr.png?width=720&height=1753
146,제 143화,https://yottacdn.akamaized.net/carolpfres/common/assets/upload/img/115/manga__143x_ko_kr.png?width=720&height=1753
147,제 144화,https://yottacdn.akamaized.net/carolpfres/common/assets/upload/img/115/manga__144x_ko_kr.png?width=720&height=1753
148,제 145화,https://yottacdn.akamaized.net/carolpfres/common/assets/upload/img/115/manga__145x_ko_kr.png?width=720&height=1753
149,제 146화,https://yottacdn.akamaized.net/carolpfres/common/assets/upload/img/115/manga__146x_ko_kr.png?width=720&height=1753
150,제 147화,https://yottacdn.akamaized.net/carolpfres/common/assets/upload/img/115/manga__147x_ko_kr.png?width=720&height=1753
151,제 148화,https://yottacdn.akamaized.net/carolpfres/common/assets/upload/img/115/manga__148x_ko_kr.png?width=720&height=1753
152,제 149화,https://yottacdn.akamaized.net/carolpfres/common/assets/upload/img/115/manga__149x_ko_kr.png?width=720&height=1753
153,제 150화,https://yottacdn.akamaized.net/carolpfres/common/assets/upload/img/115/manga__150x_ko_kr.png?width=720&height=1753
154,제 151화,https://yottacdn.akamaized.net/carolpfres/common/assets/upload/img/115/manga__151x_ko_kr.png?width=720&height=1753
155,제 152화,https://yottacdn.akamaized.net/carolpfres/common/assets/upload/img/115/manga__152x_ko_kr.png?width=720&height=1753
156,제 153화,https://yottacdn.akamaized.net/carolpfres/common/assets/upload/img/115/manga__153x_ko_kr.png?width=720&height=1753
157,제 154화,https://yottacdn.akamaized.net/carolpfres/common/assets/upload/img/115/manga__154x_ko_kr.png?width=720&height=1753
158,제 155화,https://yottacdn.akamaized.net/carolpfres/common/assets/upload/img/115/manga__155x_ko_kr.png?width=720&height=1753
159,제 156화,https://yottacdn.akamaized.net/carolpfres/common/assets/upload/img/115/manga__156x_ko_kr.png?width=720&height=1753
160,제 157화,https://yottacdn.akamaized.net/carolpfres/common/assets/upload/img/115/manga__157x_ko_kr.png?width=720&height=1753
161,제 158화,https://yottacdn.akamaized.net/carolpfres/common/assets/upload/img/115/manga__158x_ko_kr.png?width=720&height=1753
162,제 159화,https://yottacdn.akamaized.net/carolpfres/common/assets/upload/img/115/manga__159x_ko_kr.png?width=720&height=1753
163,제 160화,https://yottacdn.akamaized.net/carolpfres/common/assets/upload/img/115/manga__160x_ko_kr.png?width=720&height=1753
164,제 161화,https://yottacdn.akamaized.net/carolpfres/common/assets/upload/img/115/manga__161x_ko_kr.png?width=720&height=1753
165,제 162화,https://yottacdn.akamaized.net/carolpfres/common/assets/upload/img/115/manga__162x_ko_kr.png?width=720&height=1753
166,제 163화,https://yottacdn.akamaized.net/carolpfres/common/assets/upload/img/115/manga__163x_ko_kr.png?width=720&height=1753
167,제 164화,https://yottacdn.akamaized.net/carolpfres/common/assets/upload/img/115/manga__164x_ko_kr.png?width=720&height=1753
168,제 165화,https://yottacdn.akamaized.net/carolpfres/common/assets/upload/img/115/manga__165x_ko_kr.png?width=720&height=1753
169,제 166화,https://yottacdn.akamaized.net/carolpfres/common/assets/upload/img/115/manga__166x_ko_kr.png?width=720&height=1753
170,제 167화,https://yottacdn.akamaized.net/carolpfres/common/assets/upload/img/115/manga__167x_ko_kr.png?width=720&height=1753
171,제 168화,https://yottacdn.akamaized.net/carolpfres/common/assets/upload/img/115/manga__168x_ko_kr.png?width=720&height=1753
172,제 169화,https://yottacdn.akamaized.net/carolpfres/common/assets/upload/img/115/manga__169x_ko_kr.png?width=720&height=1753
173,제 170화,https://yottacdn.akamaized.net/carolpfres/common/assets/upload/img/115/manga__170x_ko_kr.png?width=720&height=1753
174,제 171화,https://yottacdn.akamaized.net/carolpfres/common/assets/upload/img/115/manga__171x_ko_kr.png?width=720&height=1753
175,제 172화,https://yottacdn.akamaized.net/carolpfres/common/assets/upload/img/115/manga__172x_ko_kr.png?width=720&height=1753
176,제 173화,https://yottacdn.akamaized.net/carolpfres/common/assets/upload/img/115/manga__173x_ko_kr.png?width=720&height=1753
177,제 174화,https://yottacdn.akamaized.net/carolpfres/common/assets/upload/img/115/manga__174x_ko_kr.png?width=720&height=1753
178,제 175화,https://yottacdn.akamaized.net/carolpfres/common/assets/upload/img/115/manga__175x_ko_kr.png?width=720&height=1753
179,제 176화,https://yottacdn.akamaized.net/carolpfres/common/assets/upload/img/115/manga__176x_ko_kr.png?width=720&height=1753
180,제 177화,https://yottacdn.akamaized.net/carolpfres/common/assets/upload/img/115/manga__177x_ko_kr.png?width=720&height=1753
181,제 178화,https://yottacdn.akamaized.net/carolpfres/common/assets/upload/img/115/manga___178x_ko_kr.png?width=720&height=1753
182,제 179화,https://yottacdn.akamaized.net/carolpfres/common/assets/upload/img/115/manga__179x_ko_kr.png?width=720&height=1753
183,제 180화,https://yottacdn.akamaized.net/carolpfres/common/assets/upload/img/115/manga__180x_ko_kr.png?width=720&height=1753
184,제 181화,https://yottacdn.akamaized.net/carolpfres/common/assets/upload/img/115/manga__181x_ko_kr.png?width=720&height=1753
185,제 182화,https://yottacdn.akamaized.net/carolpfres/common/assets/upload/img/115/manga__182x_ko_kr.png?width=720&height=1753
186,제 183화,https://yottacdn.akamaized.net/carolpfres/common/assets/upload/img/115/manga__183x_ko_kr.png?width=720&height=1753
187,제 184화,https://yottacdn.akamaized.net/carolpfres/common/assets/upload/img/115/manga__184x_ko_kr.png?width=720&height=1753
188,제 185화,https://yottacdn.akamaized.net/carolpfres/common/assets/upload/img/115/manga__185x_ko_kr.png?width=720&height=1753
189,제 186화,https://yottacdn.akamaized.net/carolpfres/common/assets/upload/img/115/manga__186x_ko_kr.png?width=720&height=1753
190,제 187화,https://yottacdn.akamaized.net/carolpfres/common/assets/upload/img/115/manga__187x_ko_kr.png?width=720&height=1753
191,제 188화,https://yottacdn.akamaized.net/carolpfres/common/assets/upload/img/115/manga__188x_ko_kr.png?width=720&height=1753
192,제 189화,https://yottacdn.akamaized.net/carolpfres/common/assets/upload/img/115/manga__189x_ko_kr.png?width=720&height=1753
193,제 190화,https://yottacdn.akamaized.net/carolpfres/common/assets/upload/img/115/manga__190x_ko_kr.png?width=720&height=1753
194,제 191화,https://yottacdn.akamaized.net/carolpfres/common/assets/upload/img/115/manga__191x_ko_kr.png?width=720&height=1753
195,제 192화,https://yottacdn.akamaized.net/carolpfres/common/assets/upload/img/115/manga__192x_ko_kr.png?width=720&height=1793
196,제 193화,https://yottacdn.akamaized.net/carolpfres/common/assets/upload/img/115/manga__193_ko_kr1.png?width=720&height=1728
197,제 194화,https://yottacdn.akamaized.net/carolpfres/common/assets/upload/img/115/manga_194_ko_kr1.png?width=720&height=1728
198,제 195화,https://yottacdn.akamaized.net/carolpfres/common/assets/upload/img/115/manga_195_ko_kr.png?width=720&height=1728
199,제 196화,https://yottacdn.akamaized.net/carolpfres/common/assets/upload/img/115/manga_196_ko_kr.png?width=720&height=1728
200,제 197화,https://yottacdn.akamaized.net/carolpfres/common/assets/upload/img/115/manga_197_ko_kr1.png?width=720&height=1728
201,제 198화,https://yottacdn.akamaized.net/carolpfres/common/assets/upload/img/115/manga_198_ko_kr.png?width=720&height=1728
202,제 199화,https://yottacdn.akamaized.net/carolpfres/common/assets/upload/img/115/manga_199_ko_kr.png?width=720&height=1728
203,제 200화,https://yottacdn.akamaized.net/carolpfres/common/assets/upload/img/115/manga_200_ko_kr.png?width=720&height=1728
204,제 201화,https://yottacdn.akamaized.net/carolpfres/common/assets/upload/img/115/manga_201_ko_kr_2bcb6962.png?width=720&height=1728
205,제 202화,https://yottacdn.akamaized.net/carolpfres/common/assets/upload/img/115/manga_202_ko_kr_b4e0800d.png?width=720&height=1728
206,제 203화,https://yottacdn.akamaized.net/carolpfres/common/assets/upload/img/115/manga_203_ko_kr_2f991dd3.png?width=720&height=1728
207,제 204화,https://yottacdn.akamaized.net/carolpfres/common/assets/upload/img/115/manga_204_ko_kr_a6ebf9ef.png?width=720&height=1728
208,제 205화,https://yottacdn.akamaized.net/carolpfres/common/assets/upload/img/115/manga_205_ko_kr_0ee0cc08.png?width=720&height=1728
209,제 206화,https://yottacdn.akamaized.net/carolpfres/common/assets/upload/img/115/manga_206_ko_kr_656bf141.png?width=720&height=1728
210,제 207화,https://yottacdn.akamaized.net/carolpfres/common/assets/upload/img/115/manga_207_ko_kr_5649281a.png?width=720&height=1728
211,제 208화,https://yottacdn.akamaized.net/carolpfres/common/assets/upload/img/115/manga_208_ko_kr_3f58aed2.png?width=720&height=1728
212,제 209화,https://yottacdn.akamaized.net/carolpfres/common/assets/upload/img/115/manga_209_ko_kr_5fce3dcb.png?width=720&height=1728
213,제 210화,https://yottacdn.akamaized.net/carolpfres/common/assets/upload/img/115/manga_210_ko_kr_de5a30c8.png?width=720&height=1728
