id,name,desc
10001,ビーチリゾート,幽夢衣装ショップで交換
10002,始源の序,幽夢衣装ショップで交換
10003,海のお姫様,幽夢衣装ショップで交換
10004,運命の赤い糸,幽夢衣装ショップで交換
10005,ハロウィンの仮装,幽夢衣装ショップで交換
10006,戦場の精鋭,幽夢衣装ショップで交換
10007,風拳流宗師,幽夢衣装ショップで交換
10008,夢の国のアリス,幽夢衣装ショップで交換
10009,雪の女王,幽夢衣装ショップで交換
10010,聖夜大祭り,幽夢衣装ショップで交換
10011,ルシファーの聖夜のカーニバル外観,幽夢衣装ショップで交換
10012,冬の仙境,幽夢衣装ショップで交換
10013,アイスナイト,幽夢衣装ショップで交換
10014,新年メイク,限定イベント
10015,ハニーベビー,幽夢衣装ショップで交換
10016,ピンクハニー,幽夢衣装ショップで交換
10017,桜雨謡,幽夢衣装ショップで交換
10018,夜薔薇,戦姫と誓約
10019,彼岸の守り,戦姫と誓約
10020,緋色のキス,戦姫と誓約
10021,桜色礼賛,戦姫と誓約
10022,氷薔軽舞,戦姫と誓約
10023,白薔薇の誓い,戦姫と誓約
10024,桜の華,幽夢衣装ショップで交換
10025,春の日の卵,幽夢衣装ショップで交換
10026,千々恋歌,戦姫と誓約
10027,赤薔薇の約束,戦姫と誓約
10028,ごろニャン,幽夢衣装ショップで交換
10029,辰星試験官,幽夢衣装ショップで交換
10030,神威試験官,幽夢衣装ショップで交換
10031,香ばしいちまき,限定イベント
10032,風見試験官,幽夢衣装ショップで交換
10033,真夏の砂浜,限定イベント
10034,グランブルー,限定イベント
10035,修羅試験官,限定イベント
10036,トラブルメーカーお菓子番長,幽夢衣装ショップで交換
10037,スイーツ女神,幽夢衣装ショップで交換
10038,浪ノ剣,限定イベント
10039,仙の誓い,戦姫と誓約
10040,緋色ノ恋,戦姫と誓約
10041,乘風之矢,限定イベント
10042,雲華試験官,限定イベント
10043,夏色幽夢,限定イベント
10044,無垢落桜,戦姫と誓約
10045,隠匿試験官,限定イベント
10046,無垢の翼,戦姫と誓約
10047,砂浜の誘い,戦姫試練·貂蝉
10048,情熱の羽,戦姫と誓約
10049,光る影,戦姫と誓約
10050,黒羽魂音,限定イベント
10051,虹色音符,限定イベント、幽夢衣装ショップで交換。
10052,爆音連打,限定イベント、幽夢衣装ショップで交換。
10053,低音咆哮,限定イベント
10054,オタク兎,限定イベント
10055,羅刹の蜂,限定イベント、幽夢衣装ショップで交換。
10056,氷炎の書,限定イベント
10057,流炎鳳凰,限定イベント
10058,初心,魏延の初心者ミッションをクリア
10059,秋霖の後,幽夢衣装ショップで交換
10060,楓林のひと時,限定イベント
10061,お菓子の悪魔,限定イベント
10062,魅惑の魔女,限定イベント
10063,スカーレット,限定イベント
10064,アンバー,限定イベント、幽夢衣装ショップで交換。
10065,ジャッジメント,限定イベント
10066,無垢な花びら,限定イベント
10067,清風明月,限定イベント
10068,ほろ酔い,限定イベント、幽夢衣装ショップで交換。
10069,浮世の戯言,限定イベント
10070,湯上りサキュバス,幽夢衣装ショップで交換
10071,ジェイド,限定イベント
10072,アクアマリン,限定イベント
10073,運命の聖夜,限定イベント
10074,魅惑の聖夜,限定イベント
10075,雪兎の聖夜,限定イベント
10076,ブリザードナイト,限定イベント
10077,大人の午後,限定イベント
10078,紅蓮の獅子舞,限定イベント
10079,殲滅の双星,限定イベント
10080,福神の使い,限定イベント
10081,ハートの女王,限定イベント
10082,裂空の銀月,限定イベント
10083,チャームルビー,限定イベント
10084,キティルビー,限定イベント
10085,トリックルビー,限定イベント
10086,桜花の舞,限定イベント
10087,桜花の旅路,限定イベント
10088,1/2の花嫁,戦姫と誓約
10089,ジャッジメント,限定イベント
10090,フルスイング,限定イベント
10091,トップランナー,限定イベント
10092,キラーアタック,限定イベント
10093,ガン＆ビースト,きらめき手帳
10094,放課後ロマンス,戦姫と誓約
10095,月下の幻想曲,限定イベント
10096,散らぬ桜花,戦姫と誓約
10097,URな私,戦姫と誓約
21001,エッセンス,魂器レベルアップ時に余ったEXPを返還
21002,カラーチョーク,オートモードドロップ
21003,床几,オートモードドロップ
21004,邪悪な三日月刀,オートモードドロップ
21005,警報灯,オートモードドロップ
21006,魔法入門指南書,オートモードドロップ
22001,ゴールドルービックキューブ,オートモードドロップ
22002,シルバークラウン,オートモードドロップ
22003,巫女の呪い,オートモードドロップ
22004,万能バッグ,オートモードドロップ
22005,魔法昇格指南,オートモードドロップ
23001,ラッキークローバー,オートモードドロップ、欠片合成、販売機
23002,スリングショット,オートモードドロップ、欠片合成、販売機
23003,雪精霊のキス,オートモードドロップ、欠片合成、販売機
23004,柔道の黒帯,オートモードドロップ、欠片合成、販売機
23005,必勝はちまき,オートモードドロップ、欠片合成、販売機
24001,バット,欠片合成、ショップで購入
24002,日本刀,欠片合成、ショップで購入
24003,封印の書,欠片合成、ショップで購入
24004,竜の牙,欠片合成、ショップで購入
24005,燃料樽,欠片合成、ショップで購入
24006,紅いパンプス,欠片合成、ショップで購入
24007,フルーツケーキ,欠片合成、ショップで購入
25001,天使のワンド,欠片合成、ショップで購入
25002,火羽,欠片合成、ショップで購入
25003,妖刀赤染桜,欠片合成、ショップで購入
25004,落雷の札,欠片合成、ショップで購入
25005,呂布の豪勇,欠片合成、ショップで購入
25006,レースの靴下,欠片合成、ショップで購入
25007,桜の枝,欠片合成、ショップで購入
25008,舞踏会の仮面,欠片合成、ショップで購入
25009,ポーカーのクイーントランプのクイーン,欠片合成、ショップで購入
25010,雪精霊の斧,欠片合成、ショップで購入
25011,クリスマスツリー,欠片合成、ショップで購入
25012,雷神の心,欠片合成、ショップで購入
25013,スーパー薬剤,欠片合成、ショップで購入
25014,魂石ペンダント,欠片合成、ショップで購入
25015,ガブリエルの歌,欠片合成、ショップで購入
25016,悪魔の書,欠片合成、ショップで購入
25017,命運の十字,欠片合成、ショップで購入
25018,精霊の祝福の冠,欠片合成、ショップで購入
25019,猫耳フード,欠片合成、ショップで購入
25020,ガーターベルト,欠片合成、ショップで購入
25021,ビーチバレーボール,欠片合成、ショップで購入
25022,ハートのピアス,欠片合成、ショップで購入
25023,マジックレンガ,欠片合成、ショップで購入
25024,時の砂,欠片合成、ショップで購入
25025,エレガントナイト,欠片合成、ショップで購入
25026,対立,欠片合成、ショップで購入
25027,心霊の鍵,欠片合成、ショップで購入
26001,大喬の祝福,欠片合成
26002,迷魂の香炉,欠片合成
26003,妖刀村正,欠片合成
26004,火精霊の怒り,欠片合成
26005,万物復帰,欠片合成
26006,魂器,欠片合成
26007,雪玉,欠片合成
26008,精霊の祝福の冠,欠片合成
26009,運命の指南,欠片合成
26010,封印の剣・隠匿,欠片で合成、専用魂器ショップで購入。
26011,苦痛の枷・隠匿,欠片で合成、専用魂器ショップで購入。
26012,鋭棘の盾・隠匿,欠片で合成、専用魂器ショップで購入。
26013,封印されし心・神威,欠片で合成、専用魂器ショップで購入。
26014,悪魔の血・神威,欠片で合成、専用魂器ショップで購入。
26015,雪精霊の弓,欠片で合成、専用魂器ショップで購入。
26016,封印の剣・風見,欠片で合成、専用魂器ショップで購入。
26017,苦痛の枷・風見,欠片で合成、専用魂器ショップで購入。
26018,鋭棘の盾・風見,欠片で合成、専用魂器ショップで購入。
26019,封印されし心・雲華,欠片で合成、専用魂器ショップで購入。
26020,女王の冠,欠片で合成、専用魂器ショップで購入。
26021,悪魔の羽,欠片で合成、専用魂器ショップで購入。
26022,運命の魔鏡,欠片で合成、専用魂器ショップで購入。
26023,ステルスマント,欠片で合成、専用魂器ショップで購入。
26024,アーミーナイフ,欠片合成
26025,探知の懐中時計,欠片合成
26026,審判の剣,欠片で合成、専用魂器ショップで購入。
26027,バランサー,欠片で合成、専用魂器ショップで購入。
26028,天国の鍵,欠片で合成、専用魂器ショップで購入。
26029,運命の魂晶,限定イベント
26030,金輝の翼,限定イベント
26031,荊棘の心,限定イベント
26032,からくりの傘,限定イベント
26033,ツインズロッド,限定イベント
26034,赤刃の鎖,限定イベント
26035,シルバーナイフ,限定イベント
26036,イマジンブレイド,限定イベント
26037,ウルフバイト,限定イベント
26038,ブレイクウェーブ,限定イベント
31001,初回競技場決戦限定アイコン,限定イベント
31002,炎陽チャンピオンアイコン,チームリーグ優勝ボーナス
31003,光る星月アイコン,チームリーグ準優勝ボーナス
31004,六芒バッジアイコン,チームリーグ3位ボーナス
31005,銀メダルバッジアイコン,チームリーグ4～10位ボーナス
31006,銅メダルバッジアイコン,チームリーグ11～20位ボーナス
31007,ハロウィン限定アイコン,限定イベント、競技場ショップで購入
31008,パズル集限定アイコン,限定イベント、競技場ショップで購入
31009,新年限定アイコン,限定イベント、競技場ショップで購入
31010,雪の華限定アイコン,限定イベント、競技場ショップで購入
31011,限定アイコン,限定イベント、競技場ショップで購入
31012,春節限定アイコン,限定イベント、競技場ショップで購入
31013,不運番長,実績達成
31014,不運大番長,実績達成
31015,真・不運大番長,実績達成
31016,春アイコン,限定イベント、競技場ショップで購入
31017,結婚式花束アイコン,限定イベント、競技場ショップで購入
31018,イースター限定アイコン,限定イベント、競技場ショップで購入
31019,母の日限定アイコン,限定イベント、競技場ショップで購入
31020,入学式限定アイコン,限定イベント、競技場ショップで購入
31021,端午節限定アイコン,限定イベント、競技場ショップで購入
31022,砂浜乱闘限定アイコン,限定イベント、競技場ショップで購入
31023,一周年記念アイコン,限定イベント
31024,夏限定アイスアイコン,限定イベント
31025,決意の剣,限定イベント
31026,バンド演奏,限定イベント
31027,秋のカエデ,限定イベント
31028,ハロウィーン黒猫,限定イベント
31029,2020年限定アイコン,限定イベント
31030,2019クリスマスコミュイベアイコン,運営イベント
32001,サークル戦優勝アイコン,サークル戦優勝ボーナス
32002,サークル戦準優勝アイコン,サークル戦準優勝ボーナス
32003,サークル戦ベスト4アイコン,サークル戦ベスト4ボーナス
32004,サークル戦ベスト8アイコン,サークル戦ベスト8ボーナス
32005,サークル戦ベスト16アイコン,サークル戦ベスト16ボーナス
32006,心の誓い,限定イベント、競技場ショップで購入
32008,涼しい真夏,限定イベント、競技場ショップで購入
32009,真夏のプール,限定イベント、競技場ショップで購入
32010,バンド演奏,限定イベント、競技場ショップで購入
32011,ベテラン研究員,限定イベント、競技場ショップで購入
32012,インフィニティリーグトップ64,インフィニティリーグトップ64（現在獲得不可）
32013,インフィニティリーグトップ8,インフィニティリーグトップ8（現在獲得不可）
32014,インフィニティリーグトップ4,インフィニティリーグトップ4（現在獲得不可）
32015,インフィニティリーグ優勝,インフィニティリーグ優勝1回目（現在獲得不可）
32016,インフィニティリーグ優勝,インフィニティリーグ優勝2回目（現在獲得不可）
32017,インフィニティリーグ優勝,インフィニティリーグ優勝3回目（現在獲得不可）
32018,インフィニティリーグ優勝,インフィニティリーグ優勝4回目（現在獲得不可）
32019,インフィニティリーグ優勝,インフィニティリーグ優勝5回目（現在獲得不可）
32020,チューリングの印,戦姫試練·チューリング
32021,相思相愛,限定イベント、競技場ショップで購入
32022,独具匠心,運営イベント
32023,金メダルアスリート,限定イベント
32024,銀メダルアスリート,限定イベント
32025,銅メダルアスリート,限定イベント
32026,スチームワールド,限定イベント
40001,純色壁紙,デフォルト
40002,フローリング,デフォルト
40003,貨物ダンボール,家具ショップで購入
40004,貨物ダンボール箱,家具ショップで購入
40005,正方形の机,家具ショップで購入
40006,段ボール椅子,家具ショップで購入
40007,爽やかなござ,家具ショップで購入
40008,白い花の鉢,家具ショップで購入
40009,茶器,家具ショップで購入
40010,バケツ,家具ショップで購入
40011,清掃器具,家具ショップで購入
40012,絵本,家具ショップで購入
40013,物置箱,家具ショップで購入
40014,掲示板,家具ショップで購入
40015,時間割,家具ショップで購入
40016,ポスター,家具ショップで購入
40017,宿舎のドア,家具ショップで購入
40018,宿舎の窓,家具ショップで購入
40019,教室の壁,家具ショップで購入
40020,教室の床,家具ショップで購入
40021,教室の机1,家具ショップで購入
40022,教室の机2,家具ショップで購入
40023,教壇,家具ショップで購入
40024,教室の椅子1,家具ショップで購入
40025,教室の椅子2,家具ショップで購入
40026,小さな本棚,家具ショップで購入
40027,教科書,家具ショップで購入
40028,ペン立て,家具ショップで購入
40029,ロッカー,家具ショップで購入
40030,掃除道具入れ,家具ショップで購入
40031,教室の植物,家具ショップで購入
40032,床置きクーラー,家具ショップで購入
40033,ごみ箱,家具ショップで購入
40034,可動式黒板,家具ショップで購入
40035,黒板1,家具ショップで購入
40036,黒板2,家具ショップで購入
40037,教室のドア,家具ショップで購入
40038,時計,家具ショップで購入
40039,壁掛けスピーカー,家具ショップで購入
40040,教室の窓,家具ショップで購入
40041,襖,家具ショップで購入
40042,畳,家具ショップで購入
40043,黒い木の机,家具ショップで購入
40044,座椅子,家具ショップで購入
40045,丸い机,家具ショップで購入
40046,クッション,家具ショップで購入
40047,新品の茶道具,家具ショップで購入
40048,豪華弁当,家具ショップで購入
40049,フラワーアート,家具ショップで購入
40050,紅葉の花瓶,家具ショップで購入
40051,フロアライト,家具ショップで購入
40052,布団,家具ショップで購入
40053,屏風,家具ショップで購入
40054,電話機,家具ショップで購入
40055,招き猫の掛け軸,家具ショップで購入
40056,障子,家具ショップで購入
40057,テレビ,家具ショップで購入
40058,エアコン,家具ショップで購入
40059,扇形窓,家具ショップで購入
40060,クリスマス壁紙,家具ショップで購入
40061,クリスマスフロア,家具ショップで購入
40062,雪花絨毯（白）,家具ショップで購入
40063,雪花絨毯（赤）,家具ショップで購入
40064,クリスマスのベッド,家具ショップで購入
40065,クリスマスソファー,限定イベント、コレクターショップで購入
40066,クリスマステーブル,家具ショップで購入
40067,クリスマスチェア,家具ショップで購入
40068,ステーキ,家具ショップで購入
40069,ローストターキー,家具ショップで購入
40070,シュトーレン,家具ショップで購入
40071,ワイン,家具ショップで購入
40072,クリスマスツリー,家具ショップで購入
40073,クリスマスプレゼント,家具ショップで購入
40074,サンタの人形,家具ショップで購入
40075,スノードーム,限定イベント、コレクターショップで購入
40076,暖炉,家具ショップで購入
40077,スローガン,家具ショップで購入
40078,聖夜の窓,家具ショップで購入
40079,祝日装飾,家具ショップで購入
40080,新春外壁,家具ショップで購入
40081,新春の雪,家具ショップで購入
40082,眠り雪だるま,家具ショップで購入
40083,石机,家具ショップで購入
40084,石椅子,家具ショップで購入
40085,温かいお茶,家具ショップで購入
40086,石畳1,家具ショップで購入
40087,石畳2,家具ショップで購入
40088,池,家具ショップで購入
40089,雪が積もった梅,家具ショップで購入
40090,獅子舞チェア,限定イベント
40091,タンフール屋台,家具ショップで購入
40092,朝食屋,家具ショップで購入
40093,花火屋,家具ショップで購入
40094,小型花火,家具ショップで購入
40095,新春雪玉砲,限定イベント
40096,赤提灯,家具ショップで購入
40097,新春の門,家具ショップで購入
40098,新春の小窓,家具ショップで購入
40099,石灯篭,家具ショップで購入
40100,コーヒーショップの壁,家具ショップで購入
40101,コーヒーショップのタイル,家具ショップで購入
40102,コーヒーカウンター,家具ショップで購入
40103,ハイスツール,家具ショップで購入
40104,ショーケース,家具ショップで購入
40105,コーヒーミル,家具ショップで購入
40106,サイフォン,家具ショップで購入
40107,レジ,家具ショップで購入
40108,コーヒーテーブル,家具ショップで購入
40109,コーヒー,家具ショップで購入
40110,コーヒーチェア1,家具ショップで購入
40111,コーヒーチェア2,家具ショップで購入
40112,ソファ,家具ショップで購入
40113,コーヒーショップの看板,家具ショップで購入
40114,観葉植物,家具ショップで購入
40115,キャットタワー,限定イベント
40116,ケーキスタンド,家具ショップで購入
40117,階段,家具ショップで購入
40118,壁面本棚,家具ショップで購入
40119,物置,家具ショップで購入
40120,メニューボード,家具ショップで購入
40121,コーヒー棚,家具ショップで購入
40122,コーヒー豆,家具ショップで購入
40123,装飾画,家具ショップで購入
40124,貯蔵庫の壁,家具ショップで購入
40125,貯蔵庫の床,家具ショップで購入
40126,自動走行ベッド,家具ショップで購入
40127,ギアテーブル,家具ショップで購入
40128,作業台,家具ショップで購入
40129,作業用チェア,家具ショップで購入
40130,スチームライト,家具ショップで購入
40131,タイプライター,家具ショップで購入
40132,階差機関,家具ショップで購入
40133,古時計,家具ショップで購入
40134,収納棚,家具ショップで購入
40136,メカアーム,家具ショップで購入
40137,スチーム付きストーブ,家具ショップで購入
40138,球状の機械,家具ショップで購入
40139,色んな道具,家具ショップで購入
40140,貯蔵庫の扉,家具ショップで購入
40141,機械製図,家具ショップで購入
40142,蒸気管,家具ショップで購入
40143,コントローラー,家具ショップで購入
50001,校舎前,デフォルト
50002,校舎前-夜,デフォルト
50003,学園内部,レベル30達成
50004,学園の景色,デフォルト
50005,デフォルトロード画像1,デフォルト
50006,デフォルトロード画像2,デフォルト
50007,デフォルトロード画像3,デフォルト
50008,デフォルトロード画像4,デフォルト
50009,デフォルトロード画像5,デフォルト
50010,デフォルトロード画像6,デフォルト
50011,デフォルトロード画像7,デフォルト
50012,デフォルトロード画像8,デフォルト
50013,デフォルトロード画像9,デフォルト
50014,デフォルトロード画像10,デフォルト
50015,聖堂内部,戦姫と誓約
50016,グラウンド,ゴールド購入
50017,ドラキュラの城,ドラキュラ進学
50018,隠匿学部,メインストーリーの第三章をクリア
50019,隠匿学部,ゴールド購入
50020,神威学部,ゴールド購入
50021,風見学部,ゴールド購入
50022,雲華学部,ゴールド購入
50023,修羅学部,ゴールド購入
50024,辰星学部,ゴールド購入
50025,隠匿学部ルシファー,メインストーリーの第三章をクリア
50026,エドワードの写真,メインストーリーの第四章をクリア
50027,涅槃の炎姫,ダイヤで購入
50028,永遠の誓い,下記戦姫と誓約する：ミカエル、ルシファー、司馬懿、諸葛亮、魏延、鄧艾、曹操、ドラキュラ
50029,周年パーティー,ダイヤで購入
50030,サマービーチ,ダイヤで購入
50031,聖なる夜,ダイヤで購入
50032,啓示の光,ダイヤで購入
50033,元日,ダイヤで購入
50034,砂浜の一休み,ダイヤで購入
50035,シャイニングスター,ダイヤで購入
50036,風華綺麗,ダイヤで購入
50037,温泉地,ダイヤで購入
50038,運命双生,戦姫試練·イサウ&ヤコブ
50039,温かいクリスマス,ダイヤで購入
50040,赤蓮新春,ダイヤで購入
50041,体育祭メモリー,ダイヤで購入
60001,炎神の目,限定イベント
60002,チューリングゲーム,限定イベント
71001,さすが私！,デフォルト
71002,まだまだ子供なのに,デフォルト
71003,抱っこ～,デフォルト
71004,あっち行ってよ,デフォルト
71005,呼んだ？,デフォルト
71006,仕方ないな～,デフォルト
71007,むむ－,デフォルト
71008,お仕置きが足りないようね,デフォルト
71009,怖いよー,デフォルト
71010,こっち来なさい…,デフォルト
71011,（鼻血）,デフォルト
71012,す、すごい,デフォルト
71013,はいはい、どうぞ,デフォルト
71014,もしもし、110番ですか？,デフォルト
71015,面子なんていらなーい,デフォルト
71016,はて…,デフォルト
71017,じー,デフォルト
71018,いきなり登場！,デフォルト
71019,取引します？,デフォルト
71020,引くわー,デフォルト
71021,やるなら相手になるわよ,デフォルト
71022,リア充○ね！,デフォルト
71023,いたーい！,デフォルト
71024,ありがとう！,デフォルト
72001,ハッピーハロウィーン,デフォルト、時間限定使用
72002,トリック・オア・ミサイル,デフォルト、時間限定使用
72003,驚いたか,デフォルト、時間限定使用
72004,ねね、お菓子は？,デフォルト、時間限定使用
72005,うんうん,デフォルト
72006,いいね,デフォルト
72007,説明してもらいましょうか,デフォルト
72008,メモメモ,デフォルト
72009,眠いの,デフォルト
72010,hi~,デフォルト
72011,うわーん,デフォルト
72012,見ているだけよ,デフォルト
72013,イェ～,戦姫試練・龐統
72014,くうっ,戦姫試練・魏延
72015,ドヤっ！,戦姫試練・呂玲綺
72017,驚愕,実績
72018,面倒,実績
10098,龍のフルーレ,限定イベント
32027,インフィニティリーグ優勝,インフィニティリーグ優勝6回目（現在獲得不可）
32028,インフィニティリーグ優勝,インフィニティリーグ優勝7回目（現在獲得不可）
32029,インフィニティリーグ優勝,インフィニティリーグ優勝8回目（現在獲得不可）
32030,インフィニティリーグ優勝,インフィニティリーグ優勝9回目（現在獲得不可）
32031,インフィニティリーグ優勝,インフィニティリーグ優勝10回目（現在獲得不可）
32032,コレクター入門,コレクターショップで購入
32033,一般コレクター,コレクターショップで購入
32034,絶世コレクター,コレクターショップで購入
31031,コレクター入門アイコン,コレクターショップで購入
31032,一般コレクターアイコン,コレクターショップで購入
31033,絶世コレクターアイコン,コレクターショップで購入
40135,タイムマシーン,スチームフェス・第2弾
40144,秘密部屋の壁紙,スチームフェス・第2弾
40145,秘密部屋のタイル,スチームフェス・第2弾
40146,秘密部屋の絨毯,家具ショップで購入
40147,ロードローラーソファー,スチームフェス・第2弾
40148,豪奢なパーテーション,家具ショップで購入
40149,秘密の引き出し,家具ショップで購入
40150,ドレッサーチェア,家具ショップで購入
40151,ドレッサーテーブル,家具ショップで購入
40152,豪奢な鏡,家具ショップで購入
40153,ラグジュアリーカーテン,スチームフェス・第2弾
10100,五月晴れ,限定イベント
10101,夕闇の貴婦人,限定イベント
10102,恋するジェラート,限定イベント
32035,スチームライト,スチームフェス・第2弾
10103,カラクリ天使,きらめき手帳
10104,ワイルドガンナー,限定イベント
10105,古城の生誕祭,限定イベント
32036,2周年記念アイコン,限定イベント
31034,2周年記念アイコン,限定イベント
72021,これだけか？,限定イベント
72022,分かった,限定イベント
72023,怒ったぞ,限定イベント
72024,祝ってやる,限定イベント
72025,一口どう～？,限定イベント
72026,ゴクゴク,限定イベント
72027,グッナイ！,限定イベント
72028,サプラ～イズ,限定イベント
26040,カーニバルステッキ,限定イベント
50042,2周年ケーキ,限定イベント-カーニバルパズル
10106,シャンパンナイト,限定イベント
10107,マフィアクイーン,限定イベント
32037,動画マスター,運営イベント
32038,クールサマー,限定イベント
10099,真夏のサンフレア,限定イベント
10108,マリンライダー,限定イベント
40154,ビーチチェア,家具ショップで購入
40155,ビーチテーブル,家具ショップで購入
40156,クーラーボックス,家具ショップで購入
40157,ビーチマット,家具ショップで購入
40158,砂のウミガメ,家具ショップで購入
40159,ライフセーバーの椅子,家具ショップで購入
40160,サンドアート,家具ショップで購入
40161,砂遊びキット,家具ショップで購入
40162,バレーボールのネット,家具ショップで購入
40163,小物,家具ショップで購入
40164,ヤシの木,家具ショップで購入
40165,サーフボード,家具ショップで購入
40166,スイカ,家具ショップで購入
40167,冷たい飲み物,家具ショップで購入
40168,ヒトデ,家具ショップで購入
40169,ほら貝,家具ショップで購入
40170,浮き輪,家具ショップで購入
40171,フィールドライン1,家具ショップで購入
40172,フィールドライン2,家具ショップで購入
40173,フィールドライン3,家具ショップで購入
40174,透明な壁,家具ショップで購入
40175,透明な床,家具ショップで購入
32039,一生の愛,限定イベント
10109,夏恋バニラ,限定イベント
10110,夏限定ガチャ,限定イベント
10111,くまさんビーチ,限定イベント
10112,銀色のサーファー,限定イベント
10113,天使の戯れ,限定イベント
40176,フィールドライン4,家具ショップで購入
40177,ビーチ,デフォルト
40178,デフォルト背景,デフォルト
40179,通常背景1,家具ショップで購入
40180,通常背景2,家具ショップで購入
40181,通常背景3,家具ショップで購入
10114,スイートベリー,限定イベント
72019,てへぺろ～,戦姫試練・クリス
10115,メイドインサマー,限定イベント
10116,サマーツインズ,限定イベント
10117,浪漫飛行,きらめき手帳
31035,王異限定アイコン,入学セット
32040,スチームシティ,スチームフェス・第3弾
50043,ドキドキメモリー,ダイヤで購入
50044,隠匿学部,隠匿学部の戦姫図鑑を45個解禁
50045,神威学部,神威学部の戦姫図鑑を45個解禁
50046,風見学部,風見学部の戦姫図鑑を45個解禁
50047,雲華学部,雲華学部の戦姫図鑑を45個解禁
50048,修羅学部,修羅学部の戦姫図鑑を18個解禁
50049,辰星学部,辰星学部の戦姫図鑑を18個解禁
10118,ワルキューレの夏,限定イベント
10119,アンバランス,限定イベント
26041,ソウルライト,限定イベント
10120,赤ずきん,限定イベント
10121,白雪姫,限定イベント
31036,幻想物語,限定イベント
60003,アルグレットの世界の書,限定イベント
10122,シンデレラ,限定イベント
32041,無影無踪・隠匿,隠匿学部試験のpt精算時、第1位獲得すると入手できる
32042,唯我独尊・神威,神威学部試験のpt精算時、第1位獲得すると入手できる
32043,完全無欠・風見,風見学部試験のpt精算時、第1位獲得すると入手できる
32044,才色兼備・雲華,雲華学部試験のpt精算時、第1位獲得すると入手できる
32045,天下無双・修羅,修羅学部試験のpt精算時、第1位獲得すると入手できる
32046,天衣無縫・辰星,辰星学部試験のpt精算時、第1位獲得すると入手できる
10123,かぐや姫,限定イベント
31037,お月見アイコン,限定イベント
40182,ゲーミングウォール,家具ショップで購入
40183,フロア,家具ショップで購入
40184,クレーンゲーム,家具ショップで購入
40185,レースゲーム,家具ショップで購入
40186,ゲーミングパネル,家具ショップで購入
40187,ガラスドア,家具ショップで購入
40188,壁掛けモニター,家具ショップで購入
40189,トーナメント表,家具ショップで購入
40190,アーケードゲーム機,家具ショップで購入
40191,バスケットボールマシン,家具ショップで購入
40192,ダンスマシーン,家具ショップで購入
40193,景品棚,家具ショップで購入
40194,ゲーミングバー,家具ショップで購入
40195,PCデスク,家具ショップで購入
40196,PCチェア,家具ショップで購入
40197,ヘッドフォン（ピンク）,家具ショップで購入
40198,ヘッドフォン（緑）,家具ショップで購入
40199,携帯ゲーム機,家具ショップで購入
72020,ウフフ……,戦姫試練・華佗
10124,茜燃ゆ舞姫,限定イベント
10125,白鳥の湖,限定イベント
10126,終焉の紫,限定イベント
10127,スチームバロン,きらめき手帳
32047,タイムレンズ,スチームフェス・第4弾
10128,銀月の誓い,戦姫と誓約
10129,終曲の青,限定イベント
31038,坂本龍馬限定アイコン,限定イベント
31039,ハロウィンキャンディー,限定イベント
10130,キャンディポップ,限定イベント
10131,南瓜夜行,限定イベント
26042,ホーリーブレス,限定イベント
10132,パンプキンナイト,限定イベント
10133,黒白誓約,戦姫と誓約
40200,夜の学園,家具ショップで購入
31040,感謝祭アイコン,限定イベント
10134,大人の夜遊び,限定イベント
31041,ビビアン限定アイコン,限定イベント
31042,劉備限定アイコン,限定イベント
31043,第5段階限界突破アイコン,実績達成
10135,終焉無き誓約,戦姫と誓約
10136,極博打道,限定イベント
10137,卓上の黒蜂,限定イベント
10138,戦乙女の義翼,きらめき手帳
32048,炉心タイマー,スチームフェス・第5弾
10139,メリーロックオン,限定イベント
31044,ウリエル＆イザナミ限定アイコン,限定イベント
10140,聖火のクリスマス,限定イベント
10141,泣き虫サンタ,限定イベント
26043,不落の黎明,限定イベント
72029,イジワル！,限定イベント
72030,ムニムニ,限定イベント
72031,へー,限定イベント
72032,たわけ！,限定イベント
40201,ゲーミングチェア2,家具ショップで購入
40202,パーティーフロア,家具ショップで購入
40203,パーティーウォール,家具ショップで購入
40204,柊の出窓,家具ショップで購入
40205,赤いカーテン,家具ショップで購入
40206,クリスマスツリー,家具ショップで購入
40207,キャンディーポッポー,家具ショップで購入
40208,緑の車両,家具ショップで購入
40209,青の車両,家具ショップで購入
40210,レール1,家具ショップで購入
40211,レール2,家具ショップで購入
40212,レール3,家具ショップで購入
40213,レール4,家具ショップで購入
40214,赤いくるみ割り,家具ショップで購入
40215,青いくるみ割り,家具ショップで購入
40216,まん丸テーブル,家具ショップで購入
40217,燭台,家具ショップで購入
40218,茶器セット,家具ショップで購入
40219,ブランコ,家具ショップで購入
40220,クリスマスケーキ,家具ショップで購入
40221,ヘクセンハウス,家具ショップで購入
40222,緑のジンジャーブレッドマン,家具ショップで購入
40223,赤のジンジャーブレッドマン,家具ショップで購入
40224,児童ベッド,家具ショップで購入
40225,キャンディーボックス,家具ショップで購入
40226,キャンディーバッグ,家具ショップで購入
40227,ホワイトクリスマス,家具ショップで購入
31045,2020年クリスマス限定アイコン,限定イベント
32049,トナカイ,限定イベント
50050,森（夜）,ゴールド購入
50051,森,ゴールド購入
50052,星辰の間,メインストーリー第十一章をクリア
50053,大図書館ーウロボロス,メインストーリー第十二章をクリア
50054,道場,学園リーグで100勝
50055,夏祭り,メインストーリー第四章をクリア
50056,ビーチバカンス,ダイヤで購入
50057,デンジャラスナイト,ダイヤで購入
10142,千の思い,限定イベント
31046,2021年新年限定アイコン,限定イベント
10143,お姉さんとの約束,戦姫と誓約
10144,茶いろの狐,限定イベント
10145,恋音雅楽,限定イベント
32050,校舎探検家,旧校舎探索シーズン清算時、Ptランキング上位10位入賞で獲得。
31047,ヴェラ限定アイコン,限定イベント
26044,封印されし心・隠匿,欠片で合成、専用魂器ショップで購入。
26045,悪魔の血・隠匿,欠片で合成、専用魂器ショップで購入。
26046,封印の剣・神威,欠片で合成、専用魂器ショップで購入。
26047,苦痛の枷・神威,欠片で合成、専用魂器ショップで購入。
26048,鋭棘の盾・神威,欠片で合成、専用魂器ショップで購入。
26049,封印されし心・風見,欠片で合成、専用魂器ショップで購入。
26050,悪魔の血・風見,欠片で合成、専用魂器ショップで購入。
26051,封印の剣・雲華,欠片で合成、専用魂器ショップで購入。
26052,苦痛の枷・雲華,欠片で合成、専用魂器ショップで購入。
26053,鋭棘の盾・雲華,欠片で合成、専用魂器ショップで購入。
26054,悪魔の血・雲華,欠片で合成、専用魂器ショップで購入。
26055,封印の剣・辰星,欠片で合成、専用魂器ショップで購入。
26056,苦痛の枷・辰星,欠片で合成、専用魂器ショップで購入。
26057,鋭棘の盾・辰星,欠片で合成、専用魂器ショップで購入。
26058,封印されし心・辰星,欠片で合成、専用魂器ショップで購入。
26059,悪魔の血・辰星,欠片で合成、専用魂器ショップで購入。
26060,封印の剣・修羅,欠片で合成、専用魂器ショップで購入。
26061,苦痛の枷・修羅,欠片で合成、専用魂器ショップで購入。
26062,鋭棘の盾・修羅,欠片で合成、専用魂器ショップで購入。
26063,封印されし心・修羅,欠片で合成、専用魂器ショップで購入。
26064,悪魔の血・修羅,欠片で合成、専用魂器ショップで購入。
26065,クロスボウ,欠片で合成、専用魂器ショップで購入。
26066,運命のサイコロ,欠片で合成、専用魂器ショップで購入。
26067,マナハット,欠片で合成、専用魂器ショップで購入。
26068,神楽鈴,欠片で合成、専用魂器ショップで購入。
26069,守護のガントレット,欠片で合成、専用魂器ショップで購入。
26070,聖杯,欠片で合成、専用魂器ショップで購入。
26071,ベアハンマー,欠片で合成、専用魂器ショップで購入。
26072,幽夢ランプ,欠片で合成、専用魂器ショップで購入。
26073,侍の兜,欠片で合成、専用魂器ショップで購入。
26074,スズメバチ,欠片で合成、専用魂器ショップで購入。
26075,聖なる鈴,欠片で合成、専用魂器ショップで購入。
26076,秘密の鍵,欠片で合成、専用魂器ショップで購入。
10146,メイドラゴン,限定イベント
10147,舶来の賭博師,きらめき手帳
10148,ワン！ダフル,戦姫と誓約
50058,暖かな聖夜,ダイヤで購入
32051,歯車の航路,スチームフェス・第6弾
10149,新春昇鯉,限定イベント
10150,熊猫福福少女,限定イベント
10151,桃花繚乱,限定イベント
10152,深紅の吉星,限定イベント
31048,アパテー限定アイコン,限定イベント
31049,アウラ限定アイコン,限定イベント
26077,魅惑の甘言,限定イベント
32052,蒼き恋,限定イベント
10153,春色フローリスト,限定イベント
10154,鬼のお雛様,限定イベント
10155,お嫁ニャン,戦姫と誓約
10156,蓮華の妖精,限定イベント
31050,雲母限定アイコン,限定イベント
31051,ヘルシング限定アイコン,限定イベント
10157,恋色水晶,限定イベント
10158,イタズラデビル,限定イベント
10159,見習いピエロ,限定イベント
50059,新春昇鯉,ダイヤで購入
10160,放課後アイドル,きらめき手帳
10161,イースターバニー,限定イベント
10162,からくりピエロ,限定イベント
72033,頭を冷やすわぁ,戦姫試練・于吉
40228,秘密のカバン,きらめき手帳
10163,青梅雨,限定イベント
32053,昼休み時間,きらめき手帳
31052,ぺペロン限定アイコン,限定イベント
10164,聖なるレッスン,限定イベント
10165,幽夢の春風,限定イベント
10166,胡蝶之夢,限定イベント
10167,恋々金魚草,限定イベント
10168,メーメーランド,限定イベント
10169,神狼の誓い,戦姫と誓約
31053,アンユエ限定アイコン,限定イベント
10170,白衣の天使,限定イベント
10171,医者いらず,限定イベント
31054,ミスルト限定アイコン,限定イベント
10172,救済の白華,限定イベント
26078,死神の誘い,限定イベント
10173,クラシカルベレー,限定イベント
10174,赤薔薇の姫,きらめき手帳
40230,チャペルフロア,家具ショップで購入
40231,チャペルウォール,家具ショップで購入
40232,誓いのケーキ,家具ショップで購入
40233,誓いの柱,家具ショップで購入
40234,誓いの壁飾り,家具ショップで購入
40235,誓いのメインテーブル,家具ショップで購入
40236,誓いのテーブル,家具ショップで購入
40237,誓いの椅子1,家具ショップで購入
40238,誓いの椅子2,家具ショップで購入
40239,誓いのベンチ1,家具ショップで購入
40240,誓いのベンチ2,家具ショップで購入
40241,誓いのアーチ（ピンク）,家具ショップで購入
40242,誓いのアーチ（レッド）,家具ショップで購入
40243,花の柱（ピンク）,家具ショップで購入
40244,花の柱（レッド）,家具ショップで購入
40245,誓いのステージ,家具ショップで購入
40246,誓いの祭壇,家具ショップで購入
40247,純潔のピアノ,家具ショップで購入
40248,誓いの絨毯,家具ショップで購入
40249,ベルトパーテーション,家具ショップで購入
40250,フルーツタワー,家具ショップで購入
40251,スイーツ,家具ショップで購入
40252,シャンパン,家具ショップで購入
32054,レイジーナイト,きらめき手帳
40229,ローズボウガン,きらめき手帳
31055,テレサ限定アイコン,限定イベント
10175,人生大逆転,戦姫と誓約
10176,未来のお医者さん,限定イベント
32055,空の旅人,天空の島で獲得
10178,粽の精霊,限定イベント
10177,桃仙楽座,限定イベント
10179,龍船蛾姚,限定イベント
10180,わんぱくオオカミ,限定イベント
10181,目指せメイド長！,限定イベント
10182,子守ひつじ,限定イベント
10183,誓いの彼岸蝶,戦姫と誓約
50060,寝室,ゴールド購入
50061,連絡通路,ゴールド購入
50062,宿舎内,ゴールド購入
50063,実験室,ゴールド購入
50064,訓練場,ゴールド購入
50065,入学パーティ会場（外）,ゴールド購入
31056,フェイズナ＆后羿限定アイコン,限定イベント
31057,3周年限定アイコン,限定イベント
10184,祝杯を君と,限定イベント
72034,楽勝よ,限定イベント
72035,ひどいわね,限定イベント
72036,わーい（棒）,限定イベント
72037,えへ☆,限定イベント
72038,悪くないな,限定イベント
72039,カンパイ！,限定イベント
10185,星々の祝福,限定イベント
50066,ピエロパーティー,ダイヤで購入
32056,3周年限定アイコン-出会い,限定イベント
32057,3周年限定アイコン-星の光,限定イベント
32058,3周年限定アイコン-灯火,限定イベント
32059,3周年限定アイコン-宴会,限定イベント
32060,3周年限定アイコン- 流光,限定イベント
10186,神々の祝日,限定イベント
40253,パーティーVIP席,限定イベント
26079,玉耀のキセル,限定イベント
10190,桃花繚乱,限定イベント
40254,温泉プール,きらめき手帳
32061,サマーブルー,きらめき手帳
10189,魅惑のサーファー,限定イベント
10191,雨中逢瀬,きらめき手帳
10187,海辺の三日月,限定イベント
10188,潮騒の誘惑,限定イベント
10192,誓約ライブ,戦姫と誓約
10193,浜辺のオッドアイ,限定イベント
31058,ケーチェの限定アイコン,限定イベント
10194,渚のきらら,限定イベント
10195,砂浜の射手,限定イベント
10198,危機一髪ビーチ,限定イベント
50067,ほろよい美姫,ダイヤで購入
10199,小悪魔サマー,限定イベント
10197,ぺぺのなつやすみ,限定イベント
10196,パーリーピーポー,限定イベント
27001,運命の魂晶,限定イベント
27003,からくりの傘,限定イベント
27005,不落の黎明,限定イベント
27002,金輝の翼,限定イベント
27004,ソウルライト,限定イベント
31059,最上階1000階記念アイコン,最上階1000階クリア
10200,スピードクイーン,限定イベント
10201,ツインフラッガー,限定イベント
31061,モニカの限定アイコン,限定イベント
10202,森のガイドさん,限定イベント
10204,リリカルモニカ,限定イベント
10203,キツネレース,限定イベント
10205,お星さまに誓って,戦姫と誓約
10206,魔導士ぺぺ,限定イベント
27006,荊棘の心,限定イベント
27007,ツインズロッド,限定イベント
27008,赤刃の鎖,限定イベント
27009,イマジンブレイド,限定イベント
27010,ブレイクウェーブ,限定イベント
32062,メェ～ちゃん,きらめき手帳
40255,モコモコベッド,きらめき手帳
10207,マジックにゃんこ,限定イベント
10208,モコモコメェ～ド,きらめき手帳
32063,優等生,限定イベント
31062,魯班限定アイコン,限定イベント
10209,聖なる天使,限定イベント
10212,中秋の紅姫,限定イベント
10210,海より愛をこめて,限定イベント
10211,月下の機工士,限定イベント
10213,月下戯水,限定イベント
27011,カーニバルステッキ,限定イベント
27012,ホーリーブレス,限定イベント
27013,魅惑の甘言,限定イベント
27014,死神の誘い,限定イベント
27015,黄泉の残香,限定イベント
10214,永遠のAI,戦姫と誓約
10215,漆黒の聖騎士,限定イベント
10216,厭世の天下人,限定イベント
50068,砂浜の一角,ダイヤで購入
50069,海の家,ダイヤで購入
31063,ノーリス限定アイコン,限定イベント
32064,インフィニティリーグトップ64,インフィニティリーグ
32065,インフィニティリーグトップ8,インフィニティリーグ
32066,インフィニティリーグトップ4,インフィニティリーグ
32067,インフィニティリーグ優勝,インフィニティリーグ
31060,ディアンヌ限定アイコン,限定イベント
10217,悪戯パンプキン,限定イベント
10218,ハロウィンタイム,限定イベント
50070,海辺の一時,ダイヤで購入
10219,永遠の聖盾,戦姫と誓約
10220,アゲアゲ花火,限定イベント
72040,ちらっ,戦姫試練·雲母
10221,メカニックバニー,きらめき手帳
32068,メカニックバニー,きらめき手帳
40256,歌手のペンペン,きらめき手帳
10222,黒き猫のお暇,限定イベント
10223,アツアツ感謝祭,限定イベント
10224,陽炎穿つ一矢,限定イベント
31064,ロビー限定アイコン,限定イベント
26080,オーダーブレイカー,限定イベント
27016,オーダーブレイカー,限定イベント
10225,うさ耳デリバリー,限定イベント
40257,フラワーフェンス,家具ショップで購入
40258,芝生,家具ショップで購入
40259,幽夢ガーデン,家具ショップで購入
40260,噴水,家具ショップで購入
40261,花鉢,家具ショップで購入
40262,赤い花,家具ショップで購入
40263,白い花,家具ショップで購入
40264,ピンク色のアジサイ,家具ショップで購入
40265,黄色のチューリップ,家具ショップで購入
40266,二色のバラ,家具ショップで購入
40267,ラベンダー,家具ショップで購入
40268,植木1,家具ショップで購入
40269,敷石,家具ショップで購入
40270,街灯,家具ショップで購入
40271,キャンバス1,家具ショップで購入
40272,キャンバス2,家具ショップで購入
40273,キャンバス3,家具ショップで購入
40274,桜盆栽,家具ショップで購入
40275,ねこ,家具ショップで購入
40276,ガーデンベンチ1,家具ショップで購入
40277,ガーデンベンチ2,家具ショップで購入
40278,アイスカー,家具ショップで購入
40279,ゴミ箱,家具ショップで購入
40280,ガーデンチェア1,家具ショップで購入
40281,ガーデンチェア2,家具ショップで購入
40282,ガーデンテーブル,家具ショップで購入
40283,花車,家具ショップで購入
40284,池,家具ショップで購入
10226,瑠璃色トリック,限定イベント
40285,一列の白い花,家具ショップで購入
40286,一列のピンク色のアジサイ,家具ショップで購入
40287,一列の黄色のチューリップ,家具ショップで購入
40288,一列のラベンダー,家具ショップで購入
40289,植木2,家具ショップで購入
10227,花の玉座,限定イベント
10228,剣聖の契り,戦姫と誓約
31065,2021年クリスマス限定アイコン,限定イベント
32069,ジンジャーブレッド,限定イベント
10229,ブラッディギフト,限定イベント
31066,マヤ&カーヴェ&バルディ限定アイコン,限定イベント
10230,暖かな冬日,きらめき手帳
10231,混沌の聖夜,限定イベント
26081,氷の風鈴,限定イベント
27017,氷の風鈴,限定イベント
32070,雪の季節,きらめき手帳
40290,電話ボックス（冬）,きらめき手帳
10232,聖夜の双子蝶,限定イベント
50071,ハロウィンナイト,ダイヤで購入
10233,薄氷の心,限定イベント
10234,九尾の願い事,限定イベント
10235,門出の桃華,戦姫と誓約
10236,真紅の誘い,限定イベント
10237,ふわふわスノー,限定イベント
31067,ヘルメス限定アイコン,限定イベント
10238,狂賭の蠱惑,限定イベント
32071,スイートメモリー,きらめき手帳
40291,愛の砂時計,きらめき手帳
31068,2022年春節限定アイコン,限定イベント
10241,ドキドキタイム,きらめき手帳
10239,虎嘯の双星,限定イベント
10240,虎視眈々,限定イベント
10242,血盟遊戯,限定イベント
50072,クリスマスイヴ,ダイヤで購入
72041,ジト目,戦姫試練・モニカ
10243,修道女の門出,戦姫と誓約
10244,チョコットな思い,限定イベント
10245,恋は混沌味,限定イベント
31069,ドラキュラ（原初）限定アイコン,限定イベント
10246,ラプンツェル,限定イベント
26082,深淵の落鳥,限定イベント
27018,深淵の落鳥,限定イベント
10247,真紅の女帝,限定イベント
10248,くるみ割り人形,限定イベント
10249,日葵の契り,戦姫と誓約
10250,イタズラ誓約,戦姫と誓約
31070,シグマ限定アイコン,限定イベント
32072,トゥルーラブ,きらめき手帳
40292,ライブステージ,きらめき手帳
10251,雪解けの調べ,限定イベント
10252,ブラッディライブ,きらめき手帳
26083,アネモイの息吹,限定イベント
27019,アネモイの息吹,限定イベント
10253,終末を告げる鐘,限定イベント
10254,道化の戯れ,限定イベント
10255,嘘恋道化,限定イベント
10256,蝶々協奏曲,限定イベント
10257,永遠に刻む愛,戦姫と誓約
31071,千鶴子限定アイコン,限定イベント
31072,2022年イースター限定アイコン,限定イベント
10258,復活の新緑,限定イベント
32073,学園リーグ3位,クロスサーバー学園リーグ
32074,学園リーグ準優勝,クロスサーバー学園リーグ
32075,学園リーグ優勝,クロスサーバー学園リーグ
10259,ご主人様防衛軍,限定イベント
10260,疾風迅雷,限定イベント
32076,パジャマパーティー,きらめき手帳
40293,夢の中の星たち,きらめき手帳
10261,まどろみの混沌姫,きらめき手帳
10262,百戦無敗の女将,限定イベント
50073,新春の寅,ダイヤで購入
31073,諸葛亮（天眼）限定アイコン,限定イベント
10263,スリープモード,限定イベント
10264,血染めの誓い,戦姫と誓約
10265,微睡みの双子蝶,限定イベント
10267,雪解けの目覚め,限定イベント
31074,セルコッテ限定アイコン,限定イベント
26084,スターブーメラン,限定イベント
27020,スターブーメラン,限定イベント
10268,電脳学園生活,限定イベント
10269,混沌の契り,戦姫と誓約
10270,天晴！鶴の舞,限定イベント
10271,招魂の笹粽,限定イベント
31075,イブの限定アイコン,限定イベント
10272,頭脳派メイド,きらめき手帳
32077,チャイナメイド,きらめき手帳
40294,おしゃれな水槽,きらめき手帳
10273,翠玉の毒蠍,限定イベント
80001,学生（頭部）,デフォルト
80002,制服（上半身）,デフォルト
80003,制服（下半身）,デフォルト
80004,黒縁メガネ,デフォルト
80005,保健の時間（頭部）,アバターショップ
80006,保健の時間（上半身）,アバターショップ
80007,保健の時間（下半身）,アバターショップ
80008,保健の時間（頭部小物）,アバターショップ
80009,保健の時間（名札）,アバターショップ
80010,従者の心（頭部）,アバターショップ
80011,従者の心（上半身）,アバターショップ
80012,従者の心（下半身）,アバターショップ
80013,従者の心（頭部小物）,アバターショップ
80014,従者の心（懐中時計）,アバターショップ
80015,ヴィクトリアの法則（頭部）,アバターショップ
80016,ヴィクトリアの法則（コート）,アバターショップ
80017,ヴィクトリアの法則（下半身）,アバターショップ
80018,ヴィクトリアの法則（帽子）,アバターショップ
80019,ヴィクトリアの法則（ブローチ）,アバターショップ
80020,聖なる光（頭部）,アバターショップ
80021,聖なる光（上半身）,アバターショップ
80022,聖なる光（下半身）,アバターショップ
80023,聖なる光（後光）,アバターショップ
80024,グランブルー（頭部）,アバターショップ
80025,グランブルー（上半身）,アバターショップ
80026,グランブルー（下半身）,アバターショップ
80027,グランブルー（頭部小物）,アバターショップ
80028,グランブルー（サーフィンボード）,アバターショップ
80029,快眠寝巻（頭部）,アバターショップ
80030,快眠寝巻（上半身）,アバターショップ
80031,快眠寝巻（下半身）,アバターショップ
80032,快眠寝巻（頭部小物）,アバターショップ
80033,快眠寝巻（アクセサリー）,アバターショップ
80034,自由謳歌（頭部）,アバターショップ
80035,自由謳歌（上半身）,アバターショップ
80036,自由謳歌（下半身）,アバターショップ
80037,自由謳歌（頭部小物）,アバターショップ
80038,自由謳歌（アクセサリー）,アバターショップ
80039,学園制服（赤、頭部）,アバターショップ
80040,学園制服（赤、上半身）,アバターショップ
80041,学園制服（赤、下半身）,アバターショップ
80042,学園制服（赤、眼鏡）,アバターショップ
80043,学園制服（赤、バッジ）,アバターショップ
80044,アニマル（頭部）,アバターショップ
80045,アニマル（上半身）,アバターショップ
80046,アニマル（下半身）,アバターショップ
80047,アニマル（ケモ耳）,アバターショップ
80048,アニマル（鈴）,アバターショップ
80049,暁の天使（頭部）,アバターショップ
80050,暁の天使（上半身）,アバターショップ
80051,暁の天使（下半身）,アバターショップ
80052,暁の天使（頭部小物）,アバターショップ
80053,暁の天使（翼）,アバターショップ
80054,休日謳歌（頭部）,アバターショップ
80055,休日謳歌（上半身）,アバターショップ
80056,休日謳歌（下半身）,アバターショップ
80057,休日謳歌（頭部小物）,アバターショップ
80058,休日謳歌（アクセサリー）,アバターショップ
80059,青春謳歌（頭部）,アバターショップ
80060,青春謳歌（上半身）,アバターショップ
80061,青春謳歌（下半身）,アバターショップ
80062,青春謳歌（頭部小物）,アバターショップ
80063,青春謳歌（アクセサリー）,アバターショップ
80064,安眠寝巻（頭部）,アバターショップ
80065,安眠寝巻（上半身）,アバターショップ
80066,安眠寝巻（下半身）,アバターショップ
80067,安眠寝巻（頭部小物）,アバターショップ
80068,安眠寝巻（アクセサリー）,アバターショップ
80069,熟睡寝巻（頭部）,アバターショップ
80070,熟睡寝巻（上半身）,アバターショップ
80071,熟睡寝巻（下半身）,アバターショップ
80072,熟睡寝巻（頭部小物）,アバターショップ
80073,熟睡寝巻（アクセサリー）,アバターショップ
80074,学園制服（青、頭部）,アバターショップ
80075,学園制服（青、上半身）,アバターショップ
80076,学園制服（青、下半身）,アバターショップ
80077,学園制服（青、眼鏡）,アバターショップ
80078,学園制服（青、バッジ）,アバターショップ
80079,紫電一閃（頭部）,アバターショップ
80080,紫電一閃（上半身）,アバターショップ
80081,紫電一閃（下半身）,アバターショップ
80082,紫電一閃（頭部小物）,アバターショップ
80083,紫電一閃（刀）,アバターショップ
80084,聖なる光（アクセサリー）,アバターショップ
80085,電脳戦士（頭部）,アバターショップ
80086,電脳戦士（上半身）,アバターショップ
80087,電脳戦士（下半身）,アバターショップ
80088,電脳戦士（頭部小物）,アバターショップ
80089,電脳戦士（アクセサリー）,アバターショップ
80090,万聖の狂宴（頭部）,アバターショップ
80091,万聖の狂宴（上半身）,アバターショップ
80092,万聖の狂宴（下半身）,アバターショップ
80093,万聖の狂宴（頭部小物）,アバターショップ
80094,万聖の狂宴（アクセサリー）,アバターショップ
80095,晴雲（頭部）,アバターショップ
80096,晴雲（上半身）,アバターショップ
80097,晴雲（下半身）,アバターショップ
80098,晴雲（頭部小物）,アバターショップ
80099,晴雲（アクセサリー）,アバターショップ
80100,夢見草（頭部）,アバターショップ
80101,夢見草（上半身）,アバターショップ
80102,夢見草（下半身）,アバターショップ
80103,夢見草（頭部小物）,アバターショップ
80104,夢見草（アクセサリー）,アバターショップ
80105,スミレ（頭部）,アバターショップ
80106,スミレ（上半身）,アバターショップ
80107,スミレ（下半身）,アバターショップ
80108,スミレ（頭部小物）,アバターショップ
80109,スミレ（アクセサリー）,アバターショップ
80110,チャイナ服（緑、頭部）,アバターショップ
80111,チャイナ服（緑、上半身）,アバターショップ
80112,チャイナ服（緑、下半身）,アバターショップ
80113,チャイナ服（緑、頭部小物）,アバターショップ
80114,チャイナ服（緑、アクセサリー）,アバターショップ
80115,スチームパンク（頭部）,アバターショップ
80116,スチームパンク（上半身）,アバターショップ
80117,スチームパンク（下半身）,アバターショップ
80118,スチームパンク（頭部小物）,アバターショップ
80119,スチームパンク（アクセサリー）,アバターショップ
80120,もこもこタイム（赤、頭部）,アバターショップ
80121,もこもこタイム（赤、上半身）,アバターショップ
80122,もこもこタイム（赤、下半身）,アバターショップ
80123,もこもこタイム（赤、頭部小物）,アバターショップ
80124,もこもこタイム（赤、アクセサリー）,アバターショップ
80125,もこもこタイム（茶、頭部）,アバターショップ
80126,もこもこタイム（茶、上半身）,アバターショップ
80127,もこもこタイム（茶、下半身）,アバターショップ
80128,もこもこタイム（茶、頭部小物）,アバターショップ
80129,もこもこタイム（茶、アクセサリー）,アバターショップ
80130,もこもこタイム（青、頭部）,アバターショップ
80131,もこもこタイム（青、上半身）,アバターショップ
80132,もこもこタイム（青、下半身）,アバターショップ
80133,もこもこタイム（青、頭部小物）,アバターショップ
80134,もこもこタイム（青、アクセサリー）,アバターショップ
80135,ゴシック軍服（頭部）,アバターショップ
80136,ゴシック軍服（上半身）,アバターショップ
80137,ゴシック軍服（下半身）,アバターショップ
80138,ゴシック軍服（頭部小物）,アバターショップ
80139,ゴシック軍服（アクセサリー）,アバターショップ
80140,レッドドラゴン（頭部）,アバターショップ
80141,レッドドラゴン（上半身）,アバターショップ
80142,レッドドラゴン（下半身）,アバターショップ
80143,レッドドラゴン（頭部小物）,アバターショップ
80144,レッドドラゴン（アクセサリー）,アバターショップ
80145,冒険者（頭部）,アバターショップ
80146,冒険者（上半身）,アバターショップ
80147,冒険者（下半身）,アバターショップ
80148,冒険者（頭部小物）,アバターショップ
80149,冒険者（アクセサリー）,アバターショップ
80150,チャイナ服（白、頭部）,アバターショップ
80151,チャイナ服（白、上半身）,アバターショップ
80152,チャイナ服（白、下半身）,アバターショップ
80153,チャイナ服（白、頭部小物）,アバターショップ
80154,チャイナ服（白、アクセサリー）,アバターショップ
80155,チャイナ服（黒、頭部）,アバターショップ
80156,チャイナ服（黒、上半身）,アバターショップ
80157,チャイナ服（黒、下半身）,アバターショップ
80158,チャイナ服（黒、頭部小物）,アバターショップ
80159,チャイナ服（黒、アクセサリー）,アバターショップ
80160,サンタクロース（頭部）,アバターショップ
80161,サンタクロース（上半身）,アバターショップ
80162,サンタクロース（下半身）,アバターショップ
80163,サンタクロース（頭部小物）,アバターショップ
80164,サンタクロース（アクセサリー）,アバターショップ
80165,春の紙鳶（頭部）,アバターショップ
80166,春の紙鳶（上半身）,アバターショップ
80167,春の紙鳶（下半身）,アバターショップ
80168,春の紙鳶（頭部小物）,アバターショップ
80169,春の紙鳶（アクセサリー）,アバターショップ
80170,魔導士の夜明け（頭部）,アバターショップ
80171,魔導士の夜明け（上半身）,アバターショップ
80172,魔導士の夜明け（下半身）,アバターショップ
80173,魔導士の夜明け（頭部小物）,アバターショップ
80174,魔導士の夜明け（アクセサリー）,アバターショップ
80175,社交界の新星（頭部）,アバターショップ
80176,社交界の新星（上半身）,アバターショップ
80177,社交界の新星（下半身）,アバターショップ
80178,社交界の新星（頭部小物）,アバターショップ
80179,社交界の新星（アクセサリー）,アバターショップ
80180,ナイトメアデビル（頭部）,アバターショップ
80181,ナイトメアデビル（上半身）,アバターショップ
80182,ナイトメアデビル（下半身）,アバターショップ
80183,ナイトメアデビル（頭部小物）,アバターショップ
80184,ナイトメアデビル（アクセサリー）,アバターショップ
80185,不思議の国（頭部）,アバターショップ
80186,不思議の国（上半身）,アバターショップ
80187,不思議の国（下半身）,アバターショップ
80188,不思議の国（頭部小物）,アバターショップ
80189,不思議の国（アクセサリー）,アバターショップ
80190,スイートタイム（頭部）,アバターショップ
80191,スイートタイム（上半身）,アバターショップ
80192,スイートタイム（下半身）,アバターショップ
80193,スイートタイム（頭部小物）,アバターショップ
80194,スイートタイム（アクセサリー）,アバターショップ
10274,緋色の教官,限定イベント
10275,デビ☆スター,限定イベント
10276,紫のレクイエム,限定イベント
80195,クリーム戦士（頭部）,アバターショップ
80196,クリーム戦士（上半身）,アバターショップ
80197,クリーム戦士（下半身）,アバターショップ
80198,クリーム戦士（頭部小物）,アバターショップ
80199,クリーム戦士（アクセサリー）,アバターショップ
80200,夜会の華（頭部）,アバターショップ
80201,夜会の華（上半身）,アバターショップ
80202,夜会の華（下半身）,アバターショップ
80203,夜会の華（頭部小物）,アバターショップ
80204,夜会の華（アクセサリー）,アバターショップ
80205,鼓笛隊（頭部）,アバターショップ
80206,鼓笛隊（上半身）,アバターショップ
80207,鼓笛隊（下半身）,アバターショップ
80208,鼓笛隊（帽子）,アバターショップ
80209,鼓笛隊（アクセサリー）,アバターショップ
80210,パワードスーツ（頭部）,アバターショップ
80211,パワードスーツ（上半身）,アバターショップ
80212,パワードスーツ（下半身）,アバターショップ
80213,パワードスーツ（頭部小物）,アバターショップ
80214,パワードスーツ（アクセサリー）,アバターショップ
80215,極道制服（頭部）,アバターショップ
80216,極道制服（上半身）,アバターショップ
80217,極道制服（下半身）,アバターショップ
80218,極道制服（頭部小物）,アバターショップ
80219,極道制服（アクセサリー）,アバターショップ
80220,任侠制服（頭部）,アバターショップ
80221,任侠制服（上半身）,アバターショップ
80222,任侠制服（下半身）,アバターショップ
80223,任侠制服（頭部小物）,アバターショップ
80224,任侠制服（アクセサリー）,アバターショップ
80225,仁義制服（頭部）,アバターショップ
80226,仁義制服（上半身）,アバターショップ
80227,仁義制服（下半身）,アバターショップ
80228,仁義制服（頭部小物）,アバターショップ
80229,仁義制服（アクセサリー）,アバターショップ
10277,月明りの導き,戦姫と誓約
72042,お願い！,限定イベント
72043,逃げろ,限定イベント
72044,うう,限定イベント
72045,ひま～,限定イベント
31077,4周年限定アイコン,限定イベント
26085,幽冥の炎,限定イベント
27021,幽冥の炎,限定イベント
10278,祝祭の燈火,限定イベント
32078,4周年限定アイコン,限定イベント
10279,スイーツヘヴン,限定イベント
50074,スイートドリーム,ダイヤで購入
31076,キューピット&プロメテウス限定アイコン,限定イベント
10280,アンタレスの輝き,限定イベント
10281,金満メイド,限定イベント
10282,胡蝶双蘭,きらめき手帳
32079,幸福を運ぶ蝶,きらめき手帳
40295,籠目に蝶,きらめき手帳
10283,水難の相,限定イベント
10284,トコニャツビーチ,限定イベント
10285,堕神の休暇,限定イベント
10286,ビーチの一等星,限定イベント
10287,愛の科学,戦姫と誓約
10288,渚のメカニック,限定イベント
10289,魚釣りの賢者,限定イベント
10290,幽夢海の家,限定イベント
10291,桃色ランデブー,限定イベント
72046,ラブリーダック,限定イベント
50075,お祝いのダンスホール,ダイヤで購入
31078,蓮華限定アイコン,限定イベント
10292,ワンワンホリデー,限定イベント
10293,真夏の茜色,限定イベント
10294,わたあめぇ～,限定イベント
31079,アリーシャの限定アイコン,限定イベント
10298,双蝶の契り,戦姫と誓約
10296,華の王座,限定イベント
10297,艶縁蓮夏,限定イベント
31080,ロランヴィア限定アイコン,限定イベント
72047,ひど～い,限定イベント
32080,ヒナゲシ,限定イベント
32081,至福の時,きらめき手帳
40296,池の紅葉,きらめき手帳
10299,蓮華の黒犬姫,きらめき手帳
10300,月華の巫女,限定イベント
10301,月夜の慕情,限定イベント
10302,爽風疾走,限定イベント
10303,女神之罪,限定イベント
31081,アスナ限定アイコン,限定イベント
10304,黒犬海賊団,限定イベント
10306,特別永久任務,戦姫と誓約
10305,ハートキャプター,限定イベント
10307,腹ペコ船長,限定イベント
50076,日光浴,ダイヤで購入
10308,冷たき蒼海,限定イベント
10309,女帝君臨,限定イベント
10310,闇色スケッチ,限定イベント
10311,太陽燦々,限定イベント
10312,贖罪の舞姫,きらめき手帳
26086,夜光矢,限定イベント
27022,夜光矢,限定イベント
32082,心の炎,きらめき手帳
40297,不滅の炎,きらめき手帳
32083,鶴と向日葵,限定イベント
72048,感謝,限定イベント
10313,ラブisトリック,限定イベント
10314,疾風の魔法少女,限定イベント
